insert into student (name, birthday, groupnumber, id) values ('John',        '1999-03-15', 1, 1);
insert into student (name, birthday, groupnumber, id) values ('Chris',       '2002-01-10', 1, 2);
insert into student (name, birthday, groupnumber, id) values ('Carl',        '1998-03-12', 1, 3);
insert into student (name, birthday, groupnumber, id) values ('Oliver',      '2001-07-25', 2, 4);
insert into student (name, birthday, groupnumber, id) values ('James',       '1999-08-25', 2, 5);
insert into student (name, birthday, groupnumber, id) values ('Lucas',       '2002-04-05', 2, 6);
insert into student (name, birthday, groupnumber, id) values ('Henry',       '2001-03-15', 2, 7);
insert into student (name, birthday, groupnumber, id) values ('Jacob',       '2001-04-26', 3, 8);
insert into student (name, birthday, groupnumber, id) values ('Logan',       '2002-05-25', 3, 9);
insert into student (name, birthday, groupnumber, id) values ('Emmott',      '2001-05-25', 4, 10);
insert into student (name, birthday, groupnumber, id) values ('Teriann',     '1995-08-09', 4, 11);
insert into student (name, birthday, groupnumber, id) values ('Rikki',       '2000-11-05', 4, 12);
insert into student (name, birthday, groupnumber, id) values ('Archaimbaud', '2000-02-16', 4, 13);
insert into student (name, birthday, groupnumber, id) values ('Marisa',      '1995-09-02', 5, 14);
insert into student (name, birthday, groupnumber, id) values ('Leia',        '1997-01-07', 5, 15);
insert into student (name, birthday, groupnumber, id) values ('Hobard',      '1997-05-07', 5, 16);
insert into student (name, birthday, groupnumber, id) values ('Corney',      '1999-01-30', 5, 17);
insert into student (name, birthday, groupnumber, id) values ('Nero',        '1999-04-19', 5, 18);

insert into subject (name, description, grade, id) values ('Art', 'This is art subject', 1, 1);
insert into subject (name, description, grade, id) values ('Music', 'This is music subject', 1, 2);
insert into subject (name, description, grade, id) values ('Geography', 'This is Geography subject', 2, 3);
insert into subject (name, description, grade, id) values ('History', 'This is history subject', 2, 4);
insert into subject (name, description, grade, id) values ('PE', 'This is PE subject', 3, 5);
insert into subject (name, description, grade, id) values ('Math', 'This is math subject', 3, 6);
insert into subject (name, description, grade, id) values ('Science', 'This is Science subject', 4, 7);
insert into subject (name, description, grade, id) values ('IT', 'This is IT subject', 4, 8);
insert into subject (name, description, grade, id) values ('Kotlin', 'This is Kotlin subject', 5, 9);
insert into subject (name, description, grade, id) values ('Architecture', 'This is architecture subject', 5, 10);

insert into paymenttype (name, id) VALUES ('DAILY', 1);
insert into paymenttype (name, id) VALUES ('WEEKLY', 2);
insert into paymenttype (name, id) VALUES ('MONTHLY', 3);

insert into payment (type_id, amount, payment_date, student_id, id) values (2, 205.78, '2023-03-08', 1,  1);
insert into payment (type_id, amount, payment_date, student_id, id) values (3, 21.94, '2021-05-29', 4,  2);
insert into payment (type_id, amount, payment_date, student_id, id) values (2, 210.27, '2022-09-02', 7,  3);
insert into payment (type_id, amount, payment_date, student_id, id) values (1, 265.59, '2020-12-13', 5,  4);
insert into payment (type_id, amount, payment_date, student_id, id) values (3, 295.82, '2022-02-17', 9,  5);
insert into payment (type_id, amount, payment_date, student_id, id) values (2, 176.05, '2022-06-24', 17,  6);
insert into payment (type_id, amount, payment_date, student_id, id) values (2, 79.21, '2020-11-12', 1,  7);
insert into payment (type_id, amount, payment_date, student_id, id) values (1, 113.79, '2020-08-24', 10,  8);
insert into payment (type_id, amount, payment_date, student_id, id) values (1, 77.59, '2021-11-10', 11,  9);
insert into payment (type_id, amount, payment_date, student_id, id) values (1, 178.61, '2023-05-09', 2, 10);
insert into payment (type_id, amount, payment_date, student_id, id) values (2, 299.47, '2021-03-11', 4, 11);
insert into payment (type_id, amount, payment_date, student_id, id) values (3, 212.77, '2023-01-13', 12, 12);
insert into payment (type_id, amount, payment_date, student_id, id) values (3, 285.73, '2022-07-18', 10, 13);
insert into payment (type_id, amount, payment_date, student_id, id) values (1, 297.5, '2021-10-12', 7, 14);

insert into mark (student_id, subject_id, mark, id) SELECT student.id, subject.id, 8, 1 FROM student, subject WHERE student.name = 'Chris' AND subject.name = 'Art';
insert into mark (student_id, subject_id, mark, id) SELECT student.id, subject.id, 5, 2 FROM student, subject WHERE student.name = 'Oliver' AND subject.name = 'History';
insert into mark (student_id, subject_id, mark, id) SELECT student.id, subject.id, 9, 3 FROM student, subject WHERE student.name = 'James' AND subject.name = 'Geography';
insert into mark (student_id, subject_id, mark, id) SELECT student.id, subject.id, 4, 4 FROM student, subject WHERE student.name = 'Jacob' AND subject.name = 'Math';
insert into mark (student_id, subject_id, mark, id) SELECT student.id, subject.id, 9, 5 FROM student, subject WHERE student.name = 'Logan' AND subject.name = 'PE';
insert into mark (student_id, subject_id, mark, id) values (18, 4, 2, 6);
insert into mark (student_id, subject_id, mark, id) values (12, 4, 9, 7);
insert into mark (student_id, subject_id, mark, id) values (9, 5, 8, 8);
insert into mark (student_id, subject_id, mark, id) values (9, 8, 10, 9);
insert into mark (student_id, subject_id, mark, id) values (2, 10, 10, 10);